{
	"id": "5bf1f4dd-4366-45a9-95d1-d94054cd5980",
	"name": "Local 8080",
	"values": [
		{
			"key": "domainIS",
			"value": "localhost:8080",
			"type": "default",
			"enabled": true
		},
		{
			"key": "productId",
			"value": "AC-1550",
			"type": "default",
			"enabled": true
		},
		{
			"key": "secuentialId",
			"value": "1000",
			"type": "default",
			"enabled": true
		},
		{
			"key": "domainOS",
			"value": "",
			"type": "default",
			"enabled": true
		},
		{
			"key": "secuentialOSId",
			"value": "",
			"type": "any",
			"enabled": true
		},
		{
			"key": "domainNS",
			"value": "",
			"type": "any",
			"enabled": true
		},
		{
			"key": "notifyId",
			"value": "",
			"type": "any",
			"enabled": true
		},
		{
			"key": "orderId",
			"value": "",
			"type": "default",
			"enabled": true
		}
	],
	"_postman_variable_scope": "environment",
	"_postman_exported_at": "2025-11-12T02:19:53.137Z",
	"_postman_exported_using": "Postman/11.70.6"
}