<?xml version="1.0" encoding="UTF-8"?>
<configuration>

    <appender name="ELASTIC" class="net.logstash.logback.appender.LogstashTcpSocketAppender">
        <destination>localhost:5044</destination>
        <encoder class="net.logstash.logback.encoder.LogstashEncoder">
            <customFields>{"service-name":"services-inventory","version":"1.0.0"}</customFields>
        </encoder>
    </appender>

    <appender name="CONSOLE" class="ch.qos.logback.core.ConsoleAppender">
        <encoder>
            <pattern>%d{yyyy-MM-dd HH:mm:ss} [%thread] %-5level %logger{36} - %msg%n</pattern>
        </encoder>
    </appender>

    <root level="INFO">
        <appender-ref ref="CONSOLE" />
        <appender-ref ref="ELASTIC" />
    </root>
</configuration>